event,file,record,day,utc,counts_total,SWEAP_Start,solar_distance_Rs,peak_channel,peak_measure,peak_residual_r,counts_lag_ms,V2_raw_envelope_r0,V2_residual_envelope_r0,V2_residual_signed_r0,V5_raw_envelope_r0,V5_residual_envelope_r0,V5_residual_signed_r0,V1V2_raw_envelope_r0,V1V2_residual_envelope_r0,V1V2_residual_signed_r0,V3V4_raw_envelope_r0,V3V4_residual_envelope_r0,V3V4_residual_signed_r0
1528,psp_fld_l2_tds_wf_20250318_v00.cdf,0,20250318,2025-03-18T00:48:21.773221000,3285,0.8512843251228333,53.857615351444586,V5,envelope,0.21653346537881846,0.26666666666666666,-0.11058477578142871,-0.09023029187094592,0.05538522165595515,0.0903435926667207,0.080958682927954,0.03190218117473014,-0.11094424525606161,-0.08765606468088996,-0.0015237900207318578,-0.09063075129666213,-0.0685438763103916,0.013288598878446908
1529,psp_fld_l2_tds_wf_20250318_v00.cdf,1,20250318,2025-03-18T01:08:24.051004000,616,0.7592001557350159,53.75418140002875,V1V2,signed_mean,0.387169018218334,0.13333333333333333,-0.14377185642710777,-0.28686120460782083,-0.19147966498612978,-0.01908990822679167,0.0043866051117775265,0.10402882078840998,-0.16455093841007157,-0.29004558847181705,0.34263716992501114,-0.18132948414639705,-0.28214611868885675,-0.1622044127893135
1530,psp_fld_l2_tds_wf_20250318_v00.cdf,2,20250318,2025-03-18T01:08:25.774668000,34,0.735297441482544,53.75400891188731,V2,signed_mean,-0.22375021095037223,1.0,-0.11746018458381706,-0.13596237193969374,-0.10495643321917114,0.03928145244963675,-0.061858173528777906,0.023428183913369052,-0.03930603492154969,0.0764099697143642,0.00941636233651582,-0.057557607337394796,0.11920507187120076,0.05459610532056203
2059,psp_fld_l2_tds_wf_20250304_v00.cdf,0,20250304,2025-03-04T18:51:33.866149000,76,0.5411041975021362,118.55296823343396,V3V4,signed_mean,-0.21123683063924878,-0.3333333333333333,-0.01562752550565597,-0.1097716287494332,-0.15378620646941396,0.11227208889371747,0.12717287646574907,-0.020759942445232313,-0.010198734648480336,-0.10727300610603598,0.09222097777044157,-0.0074965165376162,-0.10851631144278587,-0.14937441698337475
2060,psp_fld_l2_tds_wf_20250304_v00.cdf,1,20250304,2025-03-04T18:51:33.934538000,1754,0.6094838976860046,118.55296823343396,V3V4,envelope,0.4093638919764056,-1.0,0.13617225509306072,0.10695306463163014,-0.023419402269570802,-0.04098507411157454,-0.026541848674420682,-0.12332928635001282,0.11545970480540979,0.08528459985361796,-0.006080711588416637,0.20715220265077755,0.1827054272263298,0.11149787193633048
2061,psp_fld_l2_tds_wf_20250304_v00.cdf,2,20250304,2025-03-04T18:51:34.148238000,1988,0.8231854438781738,118.5529308610033,V3V4,signed_mean,-0.19830633862565805,-0.5333333333333333,0.10659695645876804,0.032113696419863176,-0.05650689439186128,-0.0035577579266371506,-0.012942807870212885,-0.04017471302457597,0.10689706748673763,0.03557856517661106,0.04391011156677082,0.10788674229413177,0.020494837173981793,-0.09313553934022543
2062,psp_fld_l2_tds_wf_20250304_v00.cdf,3,20250304,2025-03-04T18:51:34.539870000,226,0.34103724360466003,118.5529308610033,V3V4,signed_mean,-0.21790185315033747,0.5333333333333333,0.10215686611658092,0.07941799403178415,0.025812958040050616,0.12065858980842264,0.10054508288592788,-0.02047725486777729,0.09859087131257399,0.07673102484826559,-0.02602628864732704,0.0975595273799501,0.0780261149424392,-0.014031286840216603
2063,psp_fld_l2_tds_wf_20250304_v00.cdf,4,20250304,2025-03-04T18:51:34.817321000,1729,0.6184976696968079,118.5529308610033,V3V4,envelope,-0.3356719559703306,-1.0666666666666667,-0.23173284236721559,-0.22366155404340596,0.13480788921366513,0.08186289882837773,0.09158157423900257,0.10159742445750213,-0.20938409944996744,-0.20554954288048566,-0.12022238733793628,-0.23846184092290917,-0.20936644209125801,0.08041809154316151
2065,psp_fld_l2_tds_wf_20250304_v00.cdf,6,20250304,2025-03-04T18:51:35.081588000,55,0.008977551944553852,118.5529308610033,V3V4,signed_mean,-0.28973985677846753,-0.8,-0.07380267526212565,0.12126530570565956,-0.10275619469415846,0.08243817181689325,0.08790700929364226,-0.019680658949283808,-0.08674209978275255,0.10188926714674663,0.19202541927867212,-0.06746698889275468,0.15116640399864859,-0.19920197171370652
2067,psp_fld_l2_tds_wf_20250304_v00.cdf,8,20250304,2025-03-04T21:20:35.712109000,532,0.642837643623352,118.21617651286473,V2,signed_mean,0.1898547559193406,0.4,-0.013432573496454641,0.004800597501062313,0.12155423637362499,0.03516301791761618,0.06240785273226704,-0.015128020539060427,0.35292459894318867,0.009313289634844313,-0.0072139449486566636,-0.014532512471553297,0.04393260379967969,0.07520285666786788
2070,psp_fld_l2_tds_wf_20250304_v00.cdf,11,20250304,2025-03-04T21:20:37.389538000,572,0.5724521279335022,118.21610033060227,V1V2,envelope,0.20911976782479597,-0.2,0.09182398931660982,0.12520364887267182,-0.003498691204723424,0.04727948781633688,0.02110160171811306,-0.07524909179497881,0.10001025035076883,0.1748832503305817,-0.07829229024776832,0.01776235501721507,0.14645685651539533,-0.024188950227789784
2071,psp_fld_l2_tds_wf_20250304_v00.cdf,12,20250304,2025-03-04T21:20:37.638363000,1980,0.8212771415710449,118.21610033060227,V1V2,envelope,-0.3613141425428812,0.0,0.03192340838313359,0.0021165939527607487,-0.06057790138314624,0.0677300363988734,0.06836521624643088,0.10616335125702542,-0.39616454718871663,-0.3613141425428812,0.07769620033910467,-0.37516407209651426,-0.33643923196417724,0.06401391925806688
2074,psp_fld_l2_tds_wf_20250304_v00.cdf,15,20250304,2025-03-04T21:20:40.317121000,114,0.004917552229017019,118.21598677590916,V2,envelope,0.2512503790189373,0.3333333333333333,-0.13931948461120364,0.1418518215848978,0.021200737238194385,0.03640491877589608,0.06419401287882513,-0.10924072738716706,-0.13972201100470594,0.16747285936702713,-0.03146030195369383,-0.1631671280252965,0.19717903268173376,0.09318730501878628
2076,psp_fld_l2_tds_wf_20250304_v00.cdf,17,20250304,2025-03-04T21:20:41.806928000,1540,0.6209521293640137,118.2159494034785,V2,envelope,0.4536395489320045,0.8666666666666666,0.323127759766285,0.3184967577877299,0.29796883954459763,0.049535766006707074,0.07045232217848174,-0.17706394226112027,0.3736477384572743,0.3639456497163537,0.0710042576130901,0.340097287661853,0.33912636838073373,-0.287000921869173
2077,psp_fld_l2_tds_wf_20250304_v00.cdf,18,20250304,2025-03-04T21:20:42.026075000,1552,0.8401015996932983,118.2159494034785,V3V4,signed_mean,0.18362840971377117,0.0,0.24184488349132355,-0.008682088082954587,-0.08990450637680067,0.10944233342603218,0.12677118541966265,-0.05067374609138578,0.10622563606012136,-0.048329303284959324,-0.03608249109439731,0.09866953999783168,-0.06960203749613597,0.18362840971377117
2080,psp_fld_l2_tds_wf_20250304_v00.cdf,21,20250304,2025-03-04T21:20:43.329847000,1961,0.39607077836990356,118.21587465861722,V2,envelope,-0.2958238848289765,0.0,-0.5263028828120593,-0.2958238848289765,0.026991350983071677,-0.04420636917861864,-0.05905967103484598,0.05559992210281732,-0.27241490720982936,-0.12484597730230793,0.03179723172245237,-0.3957873050126087,-0.17027526627567924,0.007844334270397452
2081,psp_fld_l2_tds_wf_20250304_v00.cdf,22,20250304,2025-03-04T21:20:43.712034000,204,0.7782504558563232,118.21587465861722,V5,envelope,0.14893278585748265,-0.26666666666666666,-0.07135863724169776,0.029019200378721705,-0.012129294309711394,-0.0053422776111309665,-0.001563065258209772,-0.12908269015753382,-0.03635938140100198,0.035500396393815144,0.020871092273368565,-0.13801191161152468,-0.029601360634238717,0.029988024095162158
2083,psp_fld_l2_tds_wf_20250304_v00.cdf,24,20250304,2025-03-04T21:20:43.923704000,121,0.11614390462636948,118.21587465861722,V2,envelope,-0.17828400976460945,-1.0666666666666667,0.04123139403177398,0.01634625586429974,0.07410251225645512,-0.07624386522370265,-0.08547896464775298,-0.15999298854299515,0.06699421431840841,0.05939088581902589,-0.03956606761423167,0.06301624243846855,0.04144474498890776,0.10557192338620244
2086,psp_fld_l2_tds_wf_20250307_v00.cdf,0,20250307,2025-03-07T00:00:54.874848000,51,0.5257167220115662,110.9156806094581,V5,signed_mean,-0.1777787651480537,0.13333333333333333,-0.036456131387269754,-0.03645613138726975,-0.0759647967931191,0.10680638237071353,0.10680638237071352,-0.041292105729970226,-0.04770541704691618,-0.047705417046916145,0.05653329607705282,-0.057515541351898826,-0.05751554135189885,0.03257553390602703
2087,psp_fld_l2_tds_wf_20250307_v00.cdf,1,20250307,2025-03-07T01:52:09.415985000,270,0.8706907629966736,110.63234008911887,V1V2,signed_mean,0.1847418439089698,-0.7333333333333334,0.1084515757897623,0.10846205031947945,-0.00830445437469434,-0.036014768625626484,-0.03602128859762848,0.08531991852134539,0.07216609910102667,0.07217348135687865,0.11692192631187073,0.09962843710315678,0.09963790192391583,0.050623149985389665
2089,psp_fld_l2_tds_wf_20250307_v00.cdf,3,20250307,2025-03-07T01:52:09.516785000,114,0.09771078079938889,110.63234008911887,V5,envelope,0.18229494468677396,0.6666666666666666,-0.013213266094579151,-0.013213266094579141,0.03070679447505651,0.06267599267715426,0.06267599267715432,0.09258655244446444,0.08255714354210963,0.08255714354210963,0.08354953698346253,0.033938162539812036,0.03393816253981203,0.10584000910352921
2090,psp_fld_l2_tds_wf_20250307_v00.cdf,4,20250307,2025-03-07T01:52:09.556549000,1082,0.13747067749500275,110.63234008911887,V2,envelope,-0.2557284279434545,-0.9333333333333333,-0.10886458047356862,-0.10886458047356865,-0.018048737906706955,0.0427816510983957,0.0427816510983957,-0.011396657562355129,-0.10350597854918181,-0.10350597854918181,0.0012270853351222868,-0.10916957610694888,-0.10916957610694895,0.02800776436022112
2091,psp_fld_l2_tds_wf_20250307_v00.cdf,5,20250307,2025-03-07T01:52:09.611664000,1359,0.1925925463438034,110.63234008911887,V3V4,envelope,-0.4500155897114016,-0.06666666666666667,-0.35790645761415507,-0.35790645761415524,-0.05684524928143302,-0.09280086031581278,-0.09280086031581275,0.0860377350535208,-0.35411003470911717,-0.3541100347091173,0.047722678975824016,-0.40362201015883664,-0.4036220101588367,-0.02554083755997214
2092,psp_fld_l2_tds_wf_20250307_v00.cdf,6,20250307,2025-03-07T01:52:09.628754000,399,0.20968422293663025,110.63234008911887,V2,envelope,-0.19707643777248163,0.8,-0.07966489041192332,-0.07966489041192329,-0.03304844307320848,0.06935575219127184,0.06935575219127177,-0.03268148247959018,0.035809914259202824,0.03580991425920282,-0.012431378692018151,-0.03380987346208268,-0.03380987346208271,-0.04228366814585563
2094,psp_fld_l2_tds_wf_20250307_v00.cdf,8,20250307,2025-03-07T01:52:09.737122000,127,0.3180430829524994,110.63234008911887,V2,envelope,-0.1875646183024191,0.0,-0.18756461830241908,-0.1875646183024191,-0.05719506400435347,-0.014211762752062533,-0.014211762752062498,0.01001532131538059,-0.11218468690154915,-0.11218468690154915,-0.030105346944251456,-0.1710568907711466,-0.1710568907711466,0.005902951921559771
2096,psp_fld_l2_tds_wf_20250307_v00.cdf,10,20250307,2025-03-07T02:58:44.707026000,445,0.20731067657470703,110.46218916199511,V5,envelope,-0.1708377519039572,0.13333333333333333,0.10945745331343787,0.10945745331343784,-0.01599464201964642,-0.028680261756462214,-0.028680261756462242,0.032463102325120494,0.02593856886551409,0.02593856886551412,0.05024291398175632,0.01664357193379172,0.016643571933791734,0.028671426656859927
2097,psp_fld_l2_tds_wf_20250307_v00.cdf,11,20250307,2025-03-07T02:58:49.878536000,915,0.13591088354587555,110.46197642662067,V2,envelope,0.328861811509468,-1.0,0.2583992844147786,0.25839928441477866,0.051103453299677436,0.003995888649567032,0.003995888649567032,-0.029829867582265846,0.17037980914336545,0.1703798091433654,-0.12688040459369157,0.21811755318043163,0.21811755318043166,-0.004446932811488809
2100,psp_fld_l2_tds_wf_20250307_v00.cdf,14,20250307,2025-03-07T02:58:56.868070000,908,0.13495734333992004,110.4616774471755,V5,envelope,-0.21841778102731818,1.0,-0.11550140801762818,-0.11550140801762818,0.014225168771595742,-0.0982557443032552,-0.09825574430325519,0.07558176045200583,-0.1216672222094345,-0.12166722220943452,0.02237529313712073,-0.12537569574704643,-0.12537569574704638,-0.017628124086120932
2101,psp_fld_l2_tds_wf_20250307_v00.cdf,15,20250307,2025-03-07T02:58:57.061933000,237,0.3288240134716034,110.4616774471755,V5,signed_mean,0.1856325698811822,-1.0,-0.12740021818361696,0.0009026756593668028,-0.05995148839579273,0.011170633612683376,-0.07312096133270245,0.05105319657488747,-0.1462739881995601,-0.020483013658703676,0.007823525568404927,-0.1436367738533768,-0.009002379967967239,-0.009905126213564392
2103,psp_fld_l2_tds_wf_20250307_v00.cdf,17,20250307,2025-03-07T03:19:11.004483000,239,0.542850911617279,110.40988644530688,V3V4,envelope,0.30339949950077016,1.0666666666666667,-0.15524055306575626,0.15407462884991374,0.003874087536559736,0.028076929374188115,0.007644440166190546,-0.07801723470778246,-0.146155888564553,0.19168566973043408,-0.0269628907400653,-0.1457909809888035,0.2017327217380189,-0.04996434287568443
2104,psp_fld_l2_tds_wf_20250307_v00.cdf,18,20250307,2025-03-07T03:19:28.070908000,901,0.13295765221118927,110.40916055771166,V3V4,envelope,0.3182667154276617,0.6666666666666666,0.14059650117321593,0.14059650117321604,0.007996628083685065,0.02184166877635447,0.02184166877635449,-0.048170785510449884,0.18045766596431753,0.1804576659643175,-0.07452474066580084,0.19577414817730732,0.19577414817730734,0.0013507565912472073
2107,psp_fld_l2_tds_wf_20250307_v00.cdf,21,20250307,2025-03-07T03:19:30.011537000,248,0.32602420449256897,110.40907575104211,V5,envelope,-0.16911777213128346,0.8,-0.024719335499079696,-0.024719335499079717,-0.015026087418658518,0.004617028067236812,0.004617028067236798,-0.013237266026417394,-0.018925766008776254,-0.01892576600877619,-0.05639339940761733,-0.007202703376016126,-0.007202703376016084,-0.032093607362958444
2109,psp_fld_l2_tds_wf_20250307_v00.cdf,23,20250307,2025-03-07T03:19:30.229829000,264,0.5443242192268372,110.40903262900676,V2,signed_mean,0.18425727241105397,-0.3333333333333333,-0.04435727319358235,0.10239961936815636,0.06046155757466781,0.0072164465878027904,0.00035033449048625653,0.06303193162861412,-0.06267505963401772,0.09283085081467646,-0.03155910921268399,-0.06969838586269886,0.085682862700728,-0.019317055455435245
2110,psp_fld_l2_tds_wf_20250307_v00.cdf,24,20250307,2025-03-07T03:19:30.260835000,1235,0.5753304958343506,110.40903262900676,V1V2,signed_mean,0.16787909554747674,-0.4,-0.4345759312858339,-0.0462037604303996,-0.10104007498746209,-0.022030247934771593,0.048159150708863306,-0.057405832313782615,-0.4365709879781712,-0.04169146894681845,0.030625901450276945,-0.4273048425840295,-0.03526396144737344,0.033960938436565356
2112,psp_fld_l2_tds_wf_20250307_v00.cdf,26,20250307,2025-03-07T03:19:30.767244000,415,0.2079629749059677,110.40903262900676,V3V4,envelope,-0.31825079569420855,-0.8,-0.21994798510862926,-0.21994798510862928,-0.04552967220769696,-0.05633403093014084,-0.05633403093014083,0.0786942735014398,-0.23193520360549014,-0.23193520360549008,0.021106214411523622,-0.23503754202235644,-0.2350375420223564,0.0068330410969229816
2113,psp_fld_l2_tds_wf_20250307_v00.cdf,27,20250307,2025-03-07T03:19:30.921007000,1452,0.361722856760025,110.40903262900676,V2,envelope,0.18992452071131755,-1.0666666666666667,0.31745318737816763,0.15304957736479446,-0.06639548268418513,0.04961335856333083,0.0640405634964182,-0.13217101287541763,0.3412191748684331,0.14747251254987936,0.0022329060098824766,0.3682182771242578,0.14365657406125126,-0.031431695784185996
2114,psp_fld_l2_tds_wf_20250307_v00.cdf,28,20250307,2025-03-07T03:19:33.501207000,194,0.32033756375312805,110.40890470030186,V1V2,envelope,0.19499601367480715,-0.2,0.14096154064411623,0.1409615406441163,0.012488690287654085,-0.07379629046509903,-0.07379629046509903,-0.01240131169201238,0.14084820681290677,0.1408482068129068,-0.002888237063120906,0.13868416236340483,0.1386841623634048,0.005577996464499347
2115,psp_fld_l2_tds_wf_20250307_v00.cdf,29,20250307,2025-03-07T03:19:33.523455000,674,0.3425854742527008,110.40890470030186,V1V2,envelope,-0.19349661938255114,-0.8666666666666666,-0.12114323928157397,-0.11907005139617126,0.02323965423358476,-0.04203769241900064,-0.07388033482957171,-0.05261427710677697,-0.13117304680803388,-0.1490217578386725,-0.02475403727227544,-0.1280292312233391,-0.13448876631151307,0.041837048069996344
2116,psp_fld_l2_tds_wf_20250307_v00.cdf,30,20250307,2025-03-07T03:19:33.540636000,1316,0.35976412892341614,110.40890470030186,V2,envelope,-0.17262866155495246,-1.0,-0.2086968853808772,-0.060800155032360886,0.014599932367046278,-0.07332279118272356,-0.04006050851497982,0.06019156622220427,-0.23872151961008842,-0.03864138209930056,-0.018396100071545157,-0.25376526528272614,-0.031660255814150454,-0.033174505767096574
2117,psp_fld_l2_tds_wf_20250307_v00.cdf,31,20250307,2025-03-07T03:19:33.818529000,726,0.6376651525497437,110.40890470030186,V5,envelope,-0.17740152767269526,0.4666666666666667,0.0775555381097715,0.06066779483121578,-0.06915785369214077,-0.052045140717996964,-0.06611410083221356,0.022202215075520164,0.06292866211141458,0.033780485921268394,0.012528776910415085,0.052599232480582604,0.02978476716598147,0.003474933190074081
2119,psp_fld_l2_tds_wf_20250307_v00.cdf,33,20250307,2025-03-07T03:19:55.685614000,187,0.659530758857727,110.40796607733219,V3V4,envelope,0.28567386685748347,0.8,-0.05967288567142796,0.13834998716705516,-0.0147674133786858,-0.04567638466528888,-0.0004881048949080917,-0.08172229432043635,-0.049883655257976375,0.14817028497978768,0.007803730184161969,-0.04846930122381112,0.15278888792589138,-0.030368402544255255
2120,psp_fld_l2_tds_wf_20250307_v00.cdf,34,20250307,2025-03-07T03:19:55.766165000,77,0.7400771379470825,110.40796607733219,V3V4,envelope,0.2859432929138994,0.2,0.10227484771218297,0.10227484771218298,0.043941827553367285,0.06891169385134693,0.06891169385134693,-0.15604012737989437,0.2688018313013951,0.2688018313013951,-0.04794847629848959,0.2720944388685187,0.2720944388685187,-0.07026203571865958
2121,psp_fld_l2_tds_wf_20250307_v00.cdf,35,20250307,2025-03-07T03:19:55.806952000,648,0.7808573246002197,110.40796607733219,V3V4,envelope,-0.3803844098570437,1.0666666666666667,-0.25499371922673847,-0.18274721495251067,-0.04176689487821302,0.004819650528697587,0.020368844821336364,0.11580291971643451,-0.22786634682410045,-0.21851506620654096,-0.06022457777023427,-0.21124716438124802,-0.21683898165339077,-0.009663038684961822
2122,psp_fld_l2_tds_wf_20250307_v00.cdf,36,20250307,2025-03-07T03:19:55.846976000,2372,0.8208906650543213,110.40796607733219,V2,signed_mean,-0.1831516481590267,-0.4666666666666667,-0.3962415998837178,-0.11209825324385435,-0.058527915161540836,-0.09839665446776459,-0.11532769946770124,0.013223122518321147,-0.3843701784052852,-0.10605335898244149,0.004681622551698107,-0.38138024130452064,-0.10918650930310408,0.025332339372393313
2123,psp_fld_l2_tds_wf_20250307_v00.cdf,37,20250307,2025-03-07T03:19:55.869040000,1655,0.8429511189460754,110.40796607733219,V2,signed_mean,-0.25886275797926994,-0.06666666666666667,0.16830478201651966,-0.08334337406024778,-0.1448708817967212,0.04358478365612474,-0.0437046290466851,-0.033875894151788905,0.24530889914135207,-0.16046744040714023,0.031591723000568436,0.26662374409968714,-0.18782619802873404,0.025251651382962335
2126,psp_fld_l2_tds_wf_20250307_v00.cdf,40,20250307,2025-03-07T03:20:08.499872000,1834,0.36636412143707275,110.40741124047722,V1V2,envelope,-0.3240051451094735,0.13333333333333333,-0.055507389183732464,-0.30431789234936213,-0.023513674137891974,-0.037676104594445405,0.006595049651231907,0.059245154600724534,-0.029639731538666447,-0.3225994163530088,-0.0021310087098916942,-0.0018740201772941868,-0.30302340003432165,0.041096832383846274
2127,psp_fld_l2_tds_wf_20250307_v00.cdf,41,20250307,2025-03-07T03:39:15.660533000,312,0.20843088626861572,110.35844041972115,V1V2,envelope,-0.19901552079679194,0.2,-0.0051622528841568024,-0.0051622528841568024,0.029319919411302263,0.08592621164184902,0.08592621164184905,0.05878573065146616,0.07924537799235869,0.07924537799235871,-0.021786487938452052,-0.12504089308779792,-0.12504089308779784,0.0005416498629738985
2128,psp_fld_l2_tds_wf_20250307_v00.cdf,42,20250307,2025-03-07T04:44:45.399742000,928,0.40289536118507385,110.19038234871353,V2,envelope,0.1814509063992852,0.06666666666666667,0.12274638097877975,0.07568826948173957,0.03573658381738979,-0.09643552365357394,-0.10807544099711153,-0.0014521716800084232,0.14959944462759134,0.10037624271315142,-0.008438519524389208,0.19503114655107337,0.1511440341017479,-0.04490277275013746
2129,psp_fld_l2_tds_wf_20250307_v00.cdf,43,20250307,2025-03-07T07:22:16.818879000,524,0.6411773562431335,109.78452206410809,V3V4,envelope,-0.1576595295254933,0.8,0.1402934145309599,0.005016045942560603,-0.012682320346108649,-0.05156168215348745,-0.021355541408228276,0.020745230468665356,-0.08241757581759793,-0.09897139817090478,0.07169899420535246,0.17642995211555806,0.046053164666019976,-0.049227004856082696
2131,psp_fld_l2_tds_wf_20250307_v00.cdf,45,20250307,2025-03-07T08:28:40.093774000,790,0.19433754682540894,109.61275118585597,V2,envelope,0.2064421776783914,-0.8,0.03509672256271276,0.035096722562712714,0.02055362366748354,0.0497485406827593,0.04974854068275927,0.011151234659962699,0.06115828846076745,0.06115828846076743,-0.03459732296324279,0.06395757932946661,0.06395757932946658,0.06346556762344828
2132,psp_fld_l2_tds_wf_20250307_v00.cdf,46,20250307,2025-03-07T08:29:25.875720000,121,0.5380374193191528,109.61076469742706,V5,signed_mean,-0.20909580616892368,0.4666666666666667,-0.11275108512056828,-0.11275108512056826,-0.018586128935059856,-0.14191825172846945,-0.14191825172846945,-0.1714326355837615,-0.11198797931696626,-0.11198797931696627,0.05223475750546383,-0.05750298492893068,-0.057502984928930675,0.00028410170225292436
2133,psp_fld_l2_tds_wf_20250307_v00.cdf,47,20250307,2025-03-07T09:41:14.706619000,1158,0.5877856016159058,109.42444300704327,V1V2,signed_mean,-0.2823418227630484,-0.6666666666666666,-0.14588914387224103,-0.14287826338121923,-0.00040612827072774096,0.06109745809710634,0.06373072764138185,0.04427395405178226,-0.16926283249616608,-0.16764311141616517,-0.15219673312037788,-0.16666944907553002,-0.16031436182926953,0.09800161995322845
2134,psp_fld_l2_tds_wf_20250307_v00.cdf,48,20250307,2025-03-07T10:20:41.661639000,893,0.3785233795642853,109.32187724593935,V5,envelope,0.1866377856024943,-0.26666666666666666,0.04037963361562192,0.021745438784260107,0.02963729048670643,0.0974669573711815,0.09683372857793855,0.17277466986489803,0.01273959260998914,0.00037963838593209863,0.0284434507491022,0.020094400425127324,0.011509430134722092,0.04523125228406313
2135,psp_fld_l2_tds_wf_20250307_v00.cdf,49,20250307,2025-03-07T10:55:34.271099000,391,0.20142078399658203,109.23105648986632,V3V4,signed_mean,-0.15060362509910238,-0.3333333333333333,-0.033821509237347586,-0.0338215092373476,0.007820494376362983,-0.06614909265014761,-0.06614909265014765,0.04572745930724219,-0.055017270183196486,-0.05501727018319649,-0.010220873162915457,-0.03751033820570408,-0.03751033820570408,-0.04333549036240319
2138,psp_fld_l2_tds_wf_20250307_v00.cdf,52,20250307,2025-03-07T16:05:45.773453000,70,0.31941744685173035,108.41817593790427,V1V2,signed_mean,0.18430085336842802,0.0,-0.0693502697417451,-0.06935026974174507,-0.18067975588334717,-0.04118805190010698,-0.04118805190010692,-0.02592424764957007,-0.07747435462443206,-0.07747435462443208,0.18430085336842802,-0.062187041929255366,-0.062187041929255386,-0.18278024674130078
2139,psp_fld_l2_tds_wf_20250307_v00.cdf,53,20250307,2025-03-07T16:05:45.796723000,376,0.3426908850669861,108.41817593790427,V1V2,envelope,-0.21077481140168025,0.6666666666666666,-0.14730228552423436,-0.050144108769247665,0.022209583466697665,0.09898191988819216,0.02579260765231866,0.012811296726024456,-0.1328252087882859,-0.04032836619939997,-0.030649221744105844,-0.12096740054314874,-0.04789454005946492,0.03680839175297987
2141,psp_fld_l2_tds_wf_20250307_v00.cdf,55,20250307,2025-03-07T18:04:20.065320000,35,0.009030885063111782,108.10492022423459,V5,envelope,0.19095831990100645,0.9333333333333333,-0.12134401147923662,0.05005118982189177,-0.01900364423207345,-0.06890955011764738,0.031338620612813194,-0.06796949204772137,-0.048107941339736934,0.09610770615680063,0.030296988367473684,-0.03863552325175787,0.12840759878530605,0.0342344010081978
2142,psp_fld_l2_tds_wf_20250307_v00.cdf,56,20250307,2025-03-07T18:14:09.865915000,358,0.8580843210220337,108.07887595227828,V3V4,envelope,0.22132072777967948,-0.8,-0.00602995423278662,-0.006024036173840119,-0.08242711907963039,0.19206534556864224,0.19207277757943775,-0.03871492952381126,0.02840567771803529,0.028401935392836596,-0.0424504567474252,0.016806979722149607,0.016751616108874982,-0.05400495423268276
2143,psp_fld_l2_tds_wf_20250307_v00.cdf,57,20250307,2025-03-07T18:14:09.979379000,45,0.09777723997831345,108.07887595227828,V3V4,envelope,-0.18443499879336983,-0.9333333333333333,-0.009801089864809768,-0.009801089864809733,0.0020769061160160404,0.023918169881396115,0.02391816988139609,-0.07996112174369316,0.11466718429295478,0.11466718429295475,-0.009550461701521469,0.05739848289620572,0.057398482896205735,-0.04518056517920653
2144,psp_fld_l2_tds_wf_20250307_v00.cdf,58,20250307,2025-03-07T18:14:31.707990000,341,0.8549442291259766,108.07790570648268,V5,signed_mean,-0.239842135429349,0.3333333333333333,0.028273152725794018,0.0381717869707601,-0.05334481873909208,-0.02401134346816522,-0.017194733401195914,-0.06829040944025036,-0.08328075246086092,-0.09052653778479453,-0.07703422600050926,-0.004802220768876824,-0.00868368628285128,-0.08455814856745768
2148,psp_fld_l2_tds_wf_20250307_v00.cdf,62,20250307,2025-03-07T18:15:48.616621000,228,0.8678109645843506,108.07450625269513,V5,signed_mean,-0.18260484024867968,-0.06666666666666667,0.09572338148479505,0.09572538808941887,0.05270163674215654,0.02810019283147719,0.028094831293142157,0.08676972756624796,0.03787248520749368,0.037850337139999836,-0.037140147614365404,0.06336845765670227,0.063385297372158,0.08157866684292592
2150,psp_fld_l2_tds_wf_20250307_v00.cdf,64,20250307,2025-03-07T18:22:11.128142000,210,0.6482975482940674,108.05763691246227,V3V4,envelope,-0.22493905634601283,1.0666666666666667,-0.07298987190308363,-0.11666340403536443,-0.06724374866076617,-0.00671010711543165,-0.0245275595549813,-0.006798087471591371,0.0019450755113826369,0.009895310682908401,0.08865616587972835,-0.10554230838809857,-0.1817276294734706,0.0038875655350473232
2151,psp_fld_l2_tds_wf_20250307_v00.cdf,65,20250307,2025-03-07T18:22:11.485625000,578,0.1319972425699234,108.0575937904269,V5,signed_mean,-0.14345247596471633,0.4,-0.11523918042735651,-0.11523918042735648,-0.010237878319738911,0.0017871538802421635,0.0017871538802421705,-0.06843077089034685,0.020929884843557123,0.020929884843557126,0.011843325719341552,0.10131753146809375,0.10131753146809373,0.03791948547717788
2152,psp_fld_l2_tds_wf_20250307_v00.cdf,66,20250307,2025-03-07T18:29:24.214380000,65,0.3220904767513275,108.03846773034354,V1V2,envelope,-0.2215348838262631,-0.4666666666666667,-0.07196756133032024,-0.07196756133032026,-0.10907084105327947,-0.018622274768288524,-0.018622274768288538,-0.018439889154514534,-0.05658300119858317,-0.05658300119858318,0.09258047142504035,0.00043470875862447814,0.0004347087586244972,-0.09597990066674894
2153,psp_fld_l2_tds_wf_20250307_v00.cdf,67,20250307,2025-03-07T21:56:04.958131000,116,0.7557375431060791,107.48854103780366,V3V4,envelope,-0.18916020954518115,0.0,-0.09401602915639509,-0.09401602915639508,-0.0508015738373412,0.07647711306378704,0.07647711306378702,0.005435419228102936,-0.06150967321489073,-0.06150967321489073,0.04217099065816503,-0.18916020954518112,-0.18916020954518115,-0.04450143173759278
2154,psp_fld_l2_tds_wf_20250307_v00.cdf,68,20250307,2025-03-07T22:00:27.427254000,398,0.2064841091632843,107.47682909299985,V2,signed_mean,0.36450426991586615,0.6666666666666666,-0.0831266612646494,-0.08312666126464936,0.2932814457899681,0.04991723862929612,0.04991723862929612,0.030200016513270537,-0.07194735488387208,-0.07194735488387205,-0.01733920864042176,-0.13422099521795802,-0.134220995217958,-0.041264350060036294
2155,psp_fld_l2_tds_wf_20250307_v00.cdf,69,20250307,2025-03-07T23:53:22.058209000,1761,0.14906755089759827,107.17452925111398,V2,signed_mean,0.2294355051359736,-0.06666666666666667,0.05795789787603276,0.057957897876032734,0.18919012480456046,0.05596591186222658,0.055965911862226596,0.08234065864549822,0.038839619941509654,0.03883961994150965,-0.0852517316501504,0.0776315806647313,0.0776315806647313,-0.005788356271741372
2156,psp_fld_l2_tds_wf_20250307_v00.cdf,70,20250307,2025-03-07T23:56:06.338821000,1789,0.15254421532154083,107.1671496334627,V1V2,envelope,-0.5999817350358013,-1.0,-0.3886280315173712,-0.38862803151737124,0.016559238142984697,0.00577869342824704,0.005778693428247016,0.09873002898533305,-0.392588600792268,-0.39258860079226815,-0.012486424480473254,-0.37542414667827506,-0.37542414667827506,0.016891684376012423
3005,psp_fld_l2_tds_wf_20250316_v00.cdf,6,20250316,2025-03-16T11:38:29.978202000,65,0.6654375791549683,64.64006612045422,V5,signed_mean,0.20068467177060945,0.4666666666666667,-0.11583047902385928,-0.022790172081933874,-0.028319717498609183,0.04945540702382065,-0.0028457297271328452,-0.02326903407726027,-0.1446395375782885,-0.019669822719223694,0.013649842731366525,-0.13032149922763567,-0.0021888116743423655,-0.01955450708449306
3008,psp_fld_l2_tds_wf_20250316_v00.cdf,9,20250316,2025-03-16T11:38:30.056174000,34,0.7434172630310059,64.64006612045422,V5,signed_mean,-0.16691599594912082,-0.8666666666666666,-0.20726955521362372,-0.12842653508519045,-0.010929377871491699,-0.04493999705705934,-0.04951747860119002,0.015936193915433355,-0.21418849590327643,-0.1436733329831283,0.03270550993316487,-0.22032745238057216,-0.13751040279057508,-0.04000253143476563
3009,psp_fld_l2_tds_wf_20250316_v00.cdf,10,20250316,2025-03-16T11:38:30.074683000,244,0.7619307637214661,64.64006612045422,V2,signed_mean,0.263664098032645,-0.8666666666666666,0.06823319040986023,0.07613929123825286,-0.04669157603692362,0.041391254226241334,0.03063326016509134,-0.027778786334420283,0.10659198398896771,0.12118503977793649,0.11930425627984588,0.10264415438559085,0.10959755660128093,-0.17310603777159778
3010,psp_fld_l2_tds_wf_20250316_v00.cdf,11,20250316,2025-03-16T11:38:30.104880000,3633,0.7921307682991028,64.64006612045422,V3V4,envelope,-0.22442516506046012,0.6,-0.10665612797042581,-0.048213770826258356,-0.07786218413405793,-0.11105129092661037,-0.09549252503229635,-0.15406547769232298,-0.08955400213308021,-0.037315477035864936,0.0028485577270954965,-0.10267499886241542,-0.041430876020764625,0.01817315436873708
3011,psp_fld_l2_tds_wf_20250316_v00.cdf,12,20250316,2025-03-16T11:38:30.130087000,4168,0.8173307776451111,64.64006612045422,V2,signed_mean,-0.2506563404170759,0.7333333333333334,0.2228081940329242,0.07332615934400989,-0.14823755271826317,0.010846935436464991,-0.03807071225022945,-0.10819525905455381,0.24678529848772834,0.08804522689384789,0.008977121205277744,0.2563267241431799,0.08268104907047089,-0.024227658625405612
3012,psp_fld_l2_tds_wf_20250316_v00.cdf,13,20250316,2025-03-16T11:38:30.161261000,1716,0.8485042452812195,64.64006612045422,V5,signed_mean,0.2057148433000366,0.8,0.008489454044346487,0.0008620954865136282,-0.15522971751484307,0.07736801884477759,0.09566126395535371,-0.04377595747120086,0.008978252029488203,0.007739724205836924,0.1289326371130441,0.020517906756097527,0.034145310177405505,-0.09514870254188272
3013,psp_fld_l2_tds_wf_20250316_v00.cdf,14,20250316,2025-03-16T11:38:30.180701000,725,0.8679375648498535,64.64006612045422,V5,envelope,0.15818628203080679,0.2,0.017772367411569626,-0.026870168823178175,-0.03966417365369056,0.03965402678517473,0.047696348429912785,0.007391541733286206,0.011357816262396223,-0.02627610368974584,0.025928986308507113,0.0023298000996684652,-0.027522756864424666,-0.026116922502992336
3014,psp_fld_l2_tds_wf_20250316_v00.cdf,15,20250316,2025-03-16T11:38:30.198294000,39,0.011757551692426205,64.64006612045422,V2,envelope,0.30998129654312145,-0.6,0.2314987025694642,0.10406539696971577,-0.0046108506336631425,0.06659490654206376,0.11021894548584908,-0.03055527184903197,0.23944721316877288,0.10758890024591722,0.003626672422161026,0.20788905536067676,0.09984290729253341,-0.006624093959608224
3018,psp_fld_l2_tds_wf_20250316_v00.cdf,19,20250316,2025-03-16T11:38:30.305472000,859,0.11893880367279053,64.63998993819175,V3V4,envelope,-0.16885276831764132,0.6,-0.07227241188423081,-0.06721055642450548,-0.0004550789849613428,0.07142706782248943,0.09007139577421783,0.060591158584937216,-0.07668123489622769,-0.06680211824552883,0.008852329139135338,-0.06705602029992784,-0.06095959705643535,-0.014607213861200334
3019,psp_fld_l2_tds_wf_20250316_v00.cdf,20,20250316,2025-03-16T11:38:30.334204000,4469,0.14766432344913483,64.63998993819175,V3V4,envelope,-0.20561076459802247,-0.8,0.2392120790215379,-0.011433660000153195,-0.01592589540516775,-0.05968842632474055,0.018246479465099004,-0.14337843866429173,0.24277597052062205,-0.022781738613504895,0.02621203188011221,0.24128735118414707,-0.020802811165791163,-0.033104908430663466
3020,psp_fld_l2_tds_wf_20250316_v00.cdf,21,20250316,2025-03-16T11:38:30.562293000,4173,0.375752329826355,64.63998993819175,V2,signed_mean,-0.22918963149265742,-0.6666666666666666,0.16269554057353838,0.07295231432592014,-0.21897357326264055,-0.08677319228896235,-0.16342265881474893,-0.1627942880427262,0.18343197223093188,0.09631293091716164,0.10108489991846065,0.21884735770511912,0.12277700645240014,-0.07175402889413984
3021,psp_fld_l2_tds_wf_20250316_v00.cdf,22,20250316,2025-03-16T11:38:30.582114000,2719,0.39557212591171265,64.63998993819175,V3V4,envelope,0.20828756280382435,-0.26666666666666666,0.10919625443371272,0.060597662663251915,-0.020853146935062884,-0.03740125676224375,-0.0572192122046484,-0.040836145841147475,0.13146090846367084,0.09324538762635351,0.0812732517447993,0.14361654289185216,0.10801964446038763,-0.025932223627037794
3022,psp_fld_l2_tds_wf_20250316_v00.cdf,23,20250316,2025-03-16T12:29:54.199067000,130,0.31879743933677673,64.40638637343683,V1V2,envelope,-0.21936307727823984,-0.9333333333333333,-0.02390349696465581,-0.014910871082789334,0.06383609617855243,-0.11850691764245204,-0.09764276913335143,0.0022853937938571225,-0.04270595751959993,-0.038734473790364564,-0.03554330041745757,0.003081023852548251,-0.01652232783611841,-0.05654423863009409
3024,psp_fld_l2_tds_wf_20250316_v00.cdf,25,20250316,2025-03-16T15:49:51.880237000,45,0.5173307657241821,63.49112404772172,V3V4,envelope,0.3188280726531312,-0.5333333333333333,0.05533725686976272,0.2746489005515023,-0.03002788263700125,0.011603960932883546,0.045200556969507616,0.036448658745163384,0.05983037909302942,0.28017484146062255,0.022123974398260932,0.07184606935526712,0.2928678053906929,-0.02127552576311795
3025,psp_fld_l2_tds_wf_20250316_v00.cdf,26,20250316,2025-03-16T15:49:51.898868000,160,0.5359641313552856,63.49112404772172,V3V4,envelope,0.38838119761403633,1.0,-0.07379684403231572,-0.01963265558328648,0.05531225003533556,0.1590277493470444,0.12450369338503306,-0.051052888693668384,-0.07879359925603051,-0.01788214925948978,-0.014012882961762764,-0.0851216502607457,-0.011456068105505458,-0.04646578843022836
3026,psp_fld_l2_tds_wf_20250316_v00.cdf,27,20250316,2025-03-16T16:16:00.158689000,54,0.29741203784942627,63.37077907143884,V1V2,envelope,0.2259632783026819,-0.8,-0.09106010416158622,-0.02453796851862519,0.04927099616518768,-0.020305050191552654,-0.08693948877077587,-0.10420793315301849,-0.10079152612358308,-0.03542135748695199,-0.027188666386205478,-0.09365986167532095,-0.02865316213434886,-0.0016365991686292441
3027,psp_fld_l2_tds_wf_20250316_v00.cdf,28,20250316,2025-03-16T16:28:35.247739000,2133,0.41023629903793335,63.312771309472474,V5,signed_mean,0.3214625130992403,-0.6666666666666666,-0.09917201202800455,-0.0726196650579719,0.05901412938938255,0.07911184759991738,0.10955377401672152,0.12500432288926747,-0.11212959855266,-0.08412601503417136,-0.0674668221254883,-0.10360292863617952,-0.07543683848699381,0.04772802331799733
3028,psp_fld_l2_tds_wf_20250316_v00.cdf,29,20250316,2025-03-16T17:14:50.862417000,3224,0.7877974510192871,63.09914618369987,V3V4,signed_mean,0.30781021261739694,0.6666666666666666,0.08880523589550289,0.021483909087742583,-0.16704434636859666,0.02524874674817427,-0.020929748491182138,-0.0414071923035139,0.005001248960082449,-0.026845461614341606,0.1666292676039393,0.06737928394000428,-0.017495564333012508,0.1774954127419619
3029,psp_fld_l2_tds_wf_20250316_v00.cdf,30,20250316,2025-03-16T17:14:52.791129000,104,0.0951574444770813,63.098992381773755,V1V2,envelope,0.3562771045894925,0.8666666666666666,0.010336658744775525,0.025664931213508345,0.0359359583522106,-0.07447915433539566,-0.07151337036003974,-0.05358406179562017,0.06406137973401507,0.08439093570558404,0.15895191841398326,0.07964445713838789,0.10591042630149346,0.21954982289684113
3034,psp_fld_l2_tds_wf_20250316_v00.cdf,35,20250316,2025-03-16T19:34:38.898666000,1423,0.19833077490329742,62.45037228690528,V3V4,signed_mean,-0.18291530588099064,1.0666666666666667,0.0065420860645368645,0.04320249584017362,-0.038452761939765934,-0.008963577751228014,-0.03207424898710993,-0.12074314291376678,-0.03018477831561338,-0.020668746983270963,-0.04241933606782622,-0.0767278800397414,-0.017726199574627968,-0.0553300532580468
3040,psp_fld_l2_tds_wf_20250316_v00.cdf,41,20250316,2025-03-16T23:30:38.004281000,395,0.0020243229810148478,61.343857984763545,V5,signed_mean,0.17180330122223936,-1.0,0.07095851055253716,-0.09875565929046366,-0.059823768252432775,0.04682597917752958,0.014429912009015888,-0.01882758635764381,0.08283392786345037,-0.07906276714542891,0.02305482034620185,0.12596796894505302,-0.061784735660215945,-0.03463094823199067
3041,psp_fld_l2_tds_wf_20250317_v00.cdf,0,20250317,2025-03-17T00:41:44.405316000,665,0.4366174340248108,61.00754204398448,V1V2,envelope,0.2136025782455635,-0.7333333333333334,-0.12453381600959551,-0.01978728742422225,-0.10008115822210815,0.018518839686369137,0.048482862983628944,0.02959505244433097,-0.1171003006215974,0.001747094918689636,0.038727440976473376,-0.13489693530163932,-0.02789615006880125,0.04004358842391137
3042,psp_fld_l2_tds_wf_20250317_v00.cdf,1,20250317,2025-03-17T01:06:35.715522000,6968,0.14398661255836487,60.88970964496191,V2,envelope,-0.32869373557331144,-0.8666666666666666,-0.07430830898249505,-0.1670775067898239,-0.08555656860321009,-0.01352305515507363,-0.023132659095658602,-0.17808718637533758,-0.054300845182435456,-0.12501658105349503,0.014786369094754222,-0.06205318043574275,-0.12366140104020007,0.028478170416646294
3046,psp_fld_l2_tds_wf_20250317_v00.cdf,5,20250317,2025-03-17T01:15:21.036566000,65,0.30209046602249146,60.8481802501078,V3V4,envelope,0.24735233623257633,-0.06666666666666667,0.11850085890442405,0.21824923112748146,-0.19518453242753486,-0.05473679868878106,-0.05658342170374929,-0.024142413087378405,0.02775361512269281,0.1290799881207322,0.07864796899162085,0.05756080156813734,0.17910589483502148,0.05964928700219112
3047,psp_fld_l2_tds_wf_20250317_v00.cdf,6,20250317,2025-03-17T01:15:21.065283000,1053,0.3307972252368927,60.8481802501078,V3V4,envelope,-0.21770178428892803,-0.6,-0.17140124169689783,-0.14496440308465075,-0.08716675327442913,-0.18603371162786964,-0.1942621461007758,-0.038808779324822316,-0.15543079856523867,-0.1404473121947046,0.005377366832844326,-0.16259820092994026,-0.14638421551092806,0.012937170786621183
3049,psp_fld_l2_tds_wf_20250317_v00.cdf,8,20250317,2025-03-17T01:36:21.076080000,95,0.29985079169273376,60.74842604570936,V3V4,envelope,0.6447673176340689,0.4666666666666667,0.01724304766151103,-0.09549369845778412,-0.3441990201766482,-0.04991548952338822,-0.010443263898633391,-0.013405377761008672,0.16346505272151357,0.1041690767964527,0.12347958350031638,0.23287704702154577,0.31076908509699186,0.003591828796060091
3050,psp_fld_l2_tds_wf_20250317_v00.cdf,9,20250317,2025-03-17T01:43:27.957620000,122,0.7594305872917175,60.71459393416703,V5,signed_mean,0.21260895723455359,-1.0666666666666667,-0.24953794572150617,-0.10506771208416753,0.04039541703902976,0.08963561052624289,0.09165829665171954,0.02113688958144784,-0.24180324962205868,-0.10043908221219439,-0.04060530052942202,-0.2671012118529752,-0.11331309779671572,-0.020612341999550768
3051,psp_fld_l2_tds_wf_20250317_v00.cdf,10,20250317,2025-03-17T02:48:19.569212000,4582,0.3973308801651001,60.40559580278856,V5,envelope,0.1554811187209149,0.2,0.0378099471040654,-0.025432817618670042,0.01552391982420668,0.018130210222846672,0.0493797556419003,-0.029386421921313716,0.053515681550705796,-0.013466884412772242,-0.00536291151503214,0.08719646700929133,0.010659601152607612,-0.011712276997910127
3052,psp_fld_l2_tds_wf_20250317_v00.cdf,11,20250317,2025-03-17T02:48:28.291107000,6927,0.38119077682495117,60.40495903406641,V5,signed_mean,-0.19765716863758406,-0.4,-0.09651216323653847,-0.10563689220579918,0.0856776505303216,0.09091826849436827,0.07494070360784706,-0.07976716489428831,-0.1065064245720957,-0.06342596118734614,-0.13290652108188133,-0.11561361568181278,-0.0656467096869034,0.0882847133269394
3053,psp_fld_l2_tds_wf_20250317_v00.cdf,12,20250317,2025-03-17T02:48:28.308640000,4433,0.39871734380722046,60.40487997700158,V3V4,envelope,0.24449017664946893,1.0666666666666667,0.017860541622111224,0.04851637169610987,-0.00964477884744254,0.00033599802960068703,-0.011880382436637915,0.040343893107798214,0.0915513421742328,0.11868772150839178,0.04958877006089676,0.10919709118460372,0.1343997284733633,-0.02285290349131489
3054,psp_fld_l2_tds_wf_20250317_v00.cdf,13,20250317,2025-03-17T03:13:33.698637000,1507,0.20467109978199005,60.28508840017249,V5,signed_mean,-0.19915626889455512,0.06666666666666667,-0.1181120851061728,-0.05496931314796363,0.0855072581482324,0.033531238956546944,0.00632471113908524,-0.05144677070005237,-0.10320671145043062,-0.03852474179520411,0.01219273476960415,-0.10293069228537127,-0.02738320359741854,-0.04192207047883506
3055,psp_fld_l2_tds_wf_20250317_v00.cdf,14,20250317,2025-03-17T03:20:24.196476000,146,0.009324219077825546,60.252424895788415,V3V4,envelope,0.28918876717689224,-0.8666666666666666,-0.07745504540538818,-0.032079606276938205,-0.02970295939181032,-0.021576325435746693,-0.035231040312462346,-0.008597309430436472,0.007902933117078298,0.025618291801425525,-0.05704824033968178,-0.08364246289457611,-0.025446210980278435,-0.010572992012065916
3058,psp_fld_l2_tds_wf_20250317_v00.cdf,17,20250317,2025-03-17T03:20:24.281056000,251,0.09389713406562805,60.252424895788415,V2,signed_mean,0.35100390627617895,-0.8,0.009140927285262956,0.22064900326514886,-0.02911170680013729,0.018710460625892184,0.027486140971807196,-0.06440372451708241,-0.032054328328286225,0.14069654060924403,-0.06300640848772307,-0.12215352164598056,0.11892759820006374,-0.020811180421346075
3059,psp_fld_l2_tds_wf_20250317_v00.cdf,18,20250317,2025-03-17T03:53:55.161114000,681,0.3248707950115204,60.09203104786546,V3V4,envelope,-0.2188961732504709,0.5333333333333333,-0.05832934858994202,0.006512027177167028,-0.11859410458133687,-0.0008424628576348785,-0.03865536677235339,-0.0447079317054013,-0.05971372585587316,0.006422715444198458,0.013340522501656751,-0.08885610054086163,-0.01179341434124068,-0.02852817276379065
3060,psp_fld_l2_tds_wf_20250317_v00.cdf,19,20250317,2025-03-17T03:59:53.484367000,6501,0.3836442232131958,60.06336639356044,V5,signed_mean,-0.22825277197295227,0.8666666666666666,-0.13226689590154952,-0.09647475937053952,-0.06461315096731929,-0.03979208960466986,-0.0524299192141954,-0.13255975972078177,-0.10722073613111846,-0.08952427941445179,0.010599259545891363,-0.13277324560163087,-0.07897463709236627,-0.0812053401835044
3061,psp_fld_l2_tds_wf_20250317_v00.cdf,20,20250317,2025-03-17T04:00:18.348737000,4740,0.7812209129333496,60.06136984332327,V1V2,envelope,-0.24981686235879857,0.26666666666666666,-0.2200709979157948,-0.1432643255209113,-0.029404163692774828,0.039053210339719355,0.018601843724750867,-0.10583733006068903,-0.2755444974050286,-0.1842322966137076,0.02084495343476314,-0.1767167488487748,-0.10428116223219919,0.02905904358060927
3062,psp_fld_l2_tds_wf_20250317_v00.cdf,21,20250317,2025-03-17T05:15:50.684548000,1565,0.636870801448822,59.698653155095585,V3V4,envelope,0.3070919340692193,-1.0,0.012461925673462014,0.0037208537424948188,-0.12623261313578643,0.0021337094640579467,0.04043450533320557,-0.001770117707559157,-0.01695226473868118,-0.021388850331630637,-0.037422407312651146,0.028942887845183778,0.02007574311490924,0.09191633831330835
3063,psp_fld_l2_tds_wf_20250317_v00.cdf,22,20250317,2025-03-17T05:36:18.557720000,7700,0.7993442416191101,59.60010205548369,V1V2,envelope,-0.2096530039725647,1.0666666666666667,-0.010101027131595046,-0.11047721273153496,-0.059864735497696386,0.04839143613747163,0.06116688767376056,0.04856803124789977,-0.005287238971181125,-0.10419942034648932,0.04571682595112025,-0.012229915728162306,-0.11731459630104239,0.0329128000657445
3064,psp_fld_l2_tds_wf_20250317_v00.cdf,23,20250317,2025-03-17T05:36:18.577251000,6822,0.8188775777816772,59.60010205548369,V2,envelope,-0.35109634060908956,0.2,0.22319515997488845,-0.3428588658934566,-0.002386353963624698,0.03129761276294434,0.022390898033724654,0.07894065031674588,0.228482260316073,-0.34107856093537103,0.013659786363312287,0.22421695098886174,-0.3383387345907943,-0.007483457008467389
3067,psp_fld_l2_tds_wf_20250317_v00.cdf,26,20250317,2025-03-17T06:46:44.939307000,343,0.5360300540924072,59.260068995256574,V5,envelope,0.1716237620057183,0.8,0.07883471165896905,0.02981894388660416,-0.07217722031443433,0.047689098861666834,0.056298236317218024,-0.07518675212093441,0.05063567476318928,0.023262970997737616,0.05608084706447856,-0.025930345114665115,-0.015723440073895027,-0.0052002008313982405
3069,psp_fld_l2_tds_wf_20250317_v00.cdf,28,20250317,2025-03-17T08:18:13.286892000,122,0.44917088747024536,58.81643668247808,V1V2,signed_mean,0.21058373053580326,-0.3333333333333333,-0.13297841992789944,0.019572695441895743,-0.07811983427364136,-0.09473314805436932,-0.08577322612504965,-0.045394079520834976,-0.1263765544688506,0.03162559852507693,-0.014585580337931156,-0.17883730200183445,0.021095404043881057,0.004736729701374509
3076,psp_fld_l2_tds_wf_20250317_v00.cdf,35,20250317,2025-03-17T08:21:39.373604000,40,0.3156242072582245,58.79965789851948,V5,signed_mean,0.18913579085297297,0.8666666666666666,-0.024458924863266715,-0.02076482653370697,0.022976661449222675,0.0664195545760273,0.09852683688639893,0.013589173476103927,-0.077232604508523,-0.07333385079186888,0.01750797728568413,-0.08801361881309788,-0.045980228199872714,0.01997646037555007
3079,psp_fld_l2_tds_wf_20250317_v00.cdf,38,20250317,2025-03-17T08:21:40.583748000,1273,0.6517374515533447,58.79957596665229,V3V4,envelope,0.21357147073324861,-0.26666666666666666,0.058175803989612335,0.13202326957963909,-0.004461131160334107,-0.07162356819441189,-0.12532669149859987,0.08244049283663968,0.055356009425884686,0.13021270940671326,-0.0076493218913299636,0.0414031949200909,0.09556401627913044,0.006577551525863657
3082,psp_fld_l2_tds_wf_20250317_v00.cdf,41,20250317,2025-03-17T08:21:40.993340000,3093,0.18755067884922028,58.79957596665229,V3V4,envelope,0.21474366758557956,-0.8666666666666666,-0.01589945512948901,-0.058079888944011726,-0.010434660877810281,-0.008680102468683474,-0.015648011158905906,-0.036776782694182816,0.10763307470271376,0.057450740453771305,0.0069244135958521115,0.18312417308463663,0.13662083794521154,-0.013142871915173993
3085,psp_fld_l2_tds_wf_20250317_v00.cdf,44,20250317,2025-03-17T08:21:42.233925000,1691,0.5543639063835144,58.79949547218629,V3V4,envelope,0.4069680457445394,0.9333333333333333,0.1503065512543869,0.08946412151031559,0.0822664997623443,0.12151384678830326,0.08810562318943381,-0.07369654651021834,0.1411275117228002,0.08779296199883627,-0.10535149791665213,0.161170180477543,0.10837702228284657,-0.008245522468610413
3086,psp_fld_l2_tds_wf_20250317_v00.cdf,45,20250317,2025-03-17T08:21:50.578715000,6488,0.1611107885837555,58.79876527238752,V3V4,envelope,0.372091195198345,0.6,0.17020883242688126,0.21710969240032324,-0.06960993671615451,0.017861594031212333,0.04076398759881011,-0.05394657112682603,0.17651411772407374,0.21392020967585507,-0.0020022326626514403,0.2100042014567704,0.27262451638401985,0.034030424051945035
3088,psp_fld_l2_tds_wf_20250317_v00.cdf,47,20250317,2025-03-17T08:21:57.782421000,7172,0.37433066964149475,58.79819749892195,V2,signed_mean,-0.2315228339725711,1.0666666666666667,0.16636533238905266,-0.06921734226449203,-0.17848944232505232,-0.01643576712118673,0.005914899531320794,-0.0319611069319678,0.23713929961738586,-0.06918632260496618,0.06027754694528698,0.2059523501991104,-0.11163551657294349,0.04656989598234755
3089,psp_fld_l2_tds_wf_20250317_v00.cdf,48,20250317,2025-03-17T08:22:03.663770000,7300,0.13899098336696625,58.79771165732356,V2,envelope,-0.20598866698851803,-0.8,-0.23056029086922503,-0.1523392863803647,-0.08888315652708151,0.05171430889495569,-0.019724847650296383,0.012197032560882053,-0.21169108837486533,-0.10843615524929327,-0.06501931231083596,-0.22859000132205087,-0.1358200262838402,-0.04261251824608106
3090,psp_fld_l2_tds_wf_20250317_v00.cdf,49,20250317,2025-03-17T08:22:03.686658000,6509,0.16187067329883575,58.79771165732356,V3V4,envelope,0.2591893480285935,-0.4666666666666667,0.08739976792355346,0.10106538605555945,0.06609714246192322,0.14691138006496493,0.18341137366383414,-0.06987792977092427,0.0034088577573806295,0.09366195178931,0.042875243720214604,0.0600790567993197,0.1419832711147973,0.03442777974036579
3094,psp_fld_l2_tds_wf_20250317_v00.cdf,53,20250317,2025-03-17T08:26:43.355339000,1683,0.20941078662872314,58.77500934310766,V1V2,envelope,-0.2286264604816404,0.6666666666666666,-0.03505323445056911,-0.07915912734092183,-0.12638605995117558,0.006597226090135152,0.00954978527067488,0.01359721540482213,-0.15221263628369158,-0.19335130175932122,0.10970863096702074,-0.15548987553771215,-0.18108352445354445,-0.13705018854665033
3098,psp_fld_l2_tds_wf_20250317_v00.cdf,57,20250317,2025-03-17T10:01:39.478341000,8104,0.8039239048957825,58.31184993531695,V5,signed_mean,0.18557125693476384,-0.9333333333333333,0.21857189348540085,0.04934357675350352,-0.030675561072208035,-0.10103097652401594,-0.11309192053067227,-0.04175529693876139,0.20481879798807628,0.0470436320535731,0.002541670183774644,0.2247997515565316,0.05692377846280919,0.01062883063353592
3099,psp_fld_l2_tds_wf_20250317_v00.cdf,58,20250317,2025-03-17T10:21:13.704514000,3209,0.622377336025238,58.2160715825787,V2,signed_mean,0.33742322597710117,0.26666666666666666,0.0527027934588217,0.046904100702753526,0.20997300551227338,0.063092664841248,0.060438954477926354,-0.0495426095004099,0.09293881105107804,0.0881310034788583,-0.021412190852996442,0.08694345500729592,0.08393327453477563,0.012710035316443258
3102,psp_fld_l2_tds_wf_20250317_v00.cdf,61,20250317,2025-03-17T10:53:06.051502000,2589,0.18749067187309265,58.05984907287624,V2,signed_mean,0.1869805328923389,1.0,0.0017574370093358719,0.06772196963711037,0.08878028645839836,0.060957863232843565,0.07529093046396751,0.00024920997960346455,0.09202671915451992,0.12530560122283216,-0.08647720378683486,0.11733685927737339,0.175925377556798,0.06774314386201208
3104,psp_fld_l2_tds_wf_20250317_v00.cdf,63,20250317,2025-03-17T11:08:49.525020000,6203,0.8143842220306396,57.98261175794164,V3V4,envelope,0.2951433785024309,1.0666666666666667,0.18043287086133283,0.11173426535590696,0.01289479164822491,-0.017937436228624364,-0.03913890539031398,-0.1112263450894028,0.23189985483612713,0.15264214700412326,-0.06439737454075484,0.26324697802602126,0.1790160400865121,0.00964293967825286
3105,psp_fld_l2_tds_wf_20250317_v00.cdf,64,20250317,2025-03-17T13:46:15.523669000,1153,0.8689972162246704,57.20581141296536,V5,envelope,0.17170502243283423,1.0,0.06565215960283964,0.023840475338788157,-0.06836201628374844,-0.05289520192637688,-0.08353963299276657,-0.03477379263789169,0.08014811331143024,0.03977825567567123,0.018109256761565124,0.0652217223177098,0.026838088444020886,0.007507164587101335
3107,psp_fld_l2_tds_wf_20250317_v00.cdf,66,20250317,2025-03-17T17:16:54.488125000,181,0.09458421915769577,56.15505102774184,V2,envelope,0.15410116053618783,-0.2,-0.004419629075196072,0.10891599301429797,-0.027203313501910107,0.012790207734012897,-0.0013111044633860383,0.009238692597443837,-0.08759677956501294,0.021273107544616816,-0.040094311804755485,-0.08962931003009894,0.02022744385151845,0.0861713555890018
3108,psp_fld_l2_tds_wf_20250317_v00.cdf,67,20250317,2025-03-17T17:16:56.559506000,2513,0.41815754771232605,56.15488285180394,V2,envelope,0.23159242168265537,-0.5333333333333333,0.14449112196225203,0.11566633271659604,0.08190878407071234,0.10852109579280635,0.12052073179981022,-0.0724618890695309,0.0647916597001604,0.06613545527710807,-0.004930748648619267,0.09167454404560287,0.1003644088353759,0.012174218641921102
3109,psp_fld_l2_tds_wf_20250317_v00.cdf,68,20250317,2025-03-17T17:17:04.146086000,7151,0.14048390090465546,56.15429782952422,V2,envelope,-0.22705258243425705,0.2,-0.20280003379459838,-0.1842994783758347,-0.19973230686770752,-0.026151386106209137,-0.06985952337943628,0.021400138995357088,-0.03247812287997883,-0.0671905193127697,0.12298978791267001,0.023751793142177846,-0.028046086092451315,0.0023415455303010743
3110,psp_fld_l2_tds_wf_20250317_v00.cdf,69,20250317,2025-03-17T17:17:15.360886000,1426,0.8694441914558411,56.153293086100334,V1V2,envelope,-0.17957508985266768,-0.8,0.016753074550018583,-0.05663915724856781,-0.021337466220904655,-0.04450182958833848,-0.04110217328786503,-0.04640243007268128,0.0604442008023178,-0.03123594839057622,0.056146338298333175,0.07116237905950469,-0.05525307521591842,0.08068784524167084
3112,psp_fld_l2_tds_wf_20250317_v00.cdf,71,20250317,2025-03-17T17:17:22.877199000,47,0.5214971303939819,56.15270806382061,V5,signed_mean,-0.21958821884663307,0.7333333333333334,0.047962233000750226,0.07623835549454963,-0.03239066555019903,-0.13880210650157637,-0.15638263833957555,-0.054024115148937374,0.07417393565163953,0.08207138752209095,-0.012533026691636348,0.0800282033200042,0.08607251066086855,-0.027096101734103865
3113,psp_fld_l2_tds_wf_20250317_v00.cdf,72,20250317,2025-03-17T17:17:48.541816000,3638,0.8455308079719543,56.15053327583728,V5,signed_mean,-0.16589383491765453,0.8,-0.05810344736279203,-0.04815575490462388,-0.007585956038334556,-0.03377799874371161,-0.030698101673902568,-0.04642607517845432,-0.05951666695107095,-0.03288471247787849,-0.016947225209819523,-0.06035711273272977,-0.03275275843358993,-0.0390057883655473
3114,psp_fld_l2_tds_wf_20250317_v00.cdf,73,20250317,2025-03-17T17:18:03.985698000,3075,0.5606439113616943,56.149278424608305,V2,envelope,-0.25505277210862587,-0.3333333333333333,-0.2832858223559278,-0.23715179117199453,-0.16043472987117624,0.0134938092435802,0.023363891372558808,0.01611692352903154,-0.2803480170302464,-0.21820979434999246,-0.06624733412844279,-0.3048992104369208,-0.2387172094889384,0.027910205586508016
3115,psp_fld_l2_tds_wf_20250317_v00.cdf,74,20250317,2025-03-17T17:18:04.616252000,233,0.31742432713508606,56.149193617938764,V2,signed_mean,-0.3082555525153225,0.6,0.055037963860093714,0.03213896063835936,-0.2951074696789234,-0.019397398898927228,0.03637502727669628,0.1552191780815371,0.04921715404023041,0.018264577637882543,0.11040951581635516,0.055120592232488996,0.016328493376756528,-0.030497518977880507
3117,psp_fld_l2_tds_wf_20250317_v00.cdf,76,20250317,2025-03-17T17:18:15.789167000,4499,0.1307108849287033,56.14827368118442,V2,envelope,-0.2507941639981224,-0.5333333333333333,-0.26545558977994027,-0.20113421847130808,-0.06545702637110108,0.08887965025639576,0.10209443401249702,-0.06695845371351239,-0.1788719420235903,-0.12705060206113122,0.03542268112119758,-0.17516905405970148,-0.13156123182925164,-0.047123473244142754
3118,psp_fld_l2_tds_wf_20250317_v00.cdf,77,20250317,2025-03-17T17:19:53.688402000,6747,0.16275088489055634,56.14007474486129,V3V4,envelope,0.29925032639031174,-0.8666666666666666,0.07087594026595276,0.17521154697361258,-0.047719553767707514,-0.0382703816722886,-0.07821405071183614,-0.013575712859319645,0.07065740799043708,0.1748586976715488,0.05335501228402531,0.07756223356814235,0.17602640108496384,-0.04961628814701206
3119,psp_fld_l2_tds_wf_20250317_v00.cdf,78,20250317,2025-03-17T17:58:23.400750000,7663,0.3809707760810852,55.94656029897944,V3V4,envelope,0.23791450171499093,1.0666666666666667,0.026918456884012412,-0.04720298751556762,0.08365681219307597,-0.025504364898778976,-0.046691165442189396,0.023834546826109644,-0.01631500739397497,-0.06648824285383795,-0.1329755307339822,0.0758894325761078,0.018748950217815037,-0.046857588511219
3120,psp_fld_l2_tds_wf_20250317_v00.cdf,79,20250317,2025-03-17T17:58:29.892008000,234,0.7555347681045532,55.94605720856691,V3V4,envelope,0.17258439251198615,-0.9333333333333333,0.022451810904159295,-0.010381011310687997,-0.018628923771339685,-0.0893780150256339,-0.06499990006498983,0.023386959747858968,-0.013006178240531508,0.05623298840901421,-0.03617893332437692,-0.005388930405913331,0.05636641823121506,-0.021506637866156992
3121,psp_fld_l2_tds_wf_20250317_v00.cdf,80,20250317,2025-03-17T17:58:30.770152000,495,0.7598974704742432,55.945973839298546,V1V2,signed_mean,-0.2670202856170789,0.8666666666666666,-0.23023482579980478,-0.060527425730304604,0.053017087566303064,0.010082179614729476,-0.015419303080570074,0.06083137103098893,-0.1922448217357109,-0.12167498892422529,-0.19401547004939362,-0.281094007712102,-0.1147772460147671,0.15033518666675438
3122,psp_fld_l2_tds_wf_20250317_v00.cdf,81,20250317,2025-03-17T17:58:30.858195000,3550,0.8479443192481995,55.945973839298546,V1V2,envelope,-0.2765432168296359,0.4666666666666667,-0.1545902310122827,-0.16219194088365735,-0.05429910178230379,-0.05403315920747683,-0.06979878073349058,-0.057448617557514355,-0.30727013554181604,-0.20245839543369576,-0.010069883451113648,-0.2558143462043178,-0.15326112969594444,0.04885763266896222
3123,psp_fld_l2_tds_wf_20250317_v00.cdf,82,20250317,2025-03-17T17:59:15.643391000,3029,0.19465723633766174,55.942199223803364,V2,signed_mean,0.3140393448141131,-0.8666666666666666,0.07932102583825046,0.128266346635168,-0.011064266722880365,0.0023101119879032402,-0.014114000429530024,-0.06613013286799059,0.07810510819928927,0.12290164780686731,0.03153938138447765,0.02165437666543262,0.12095040072590248,-0.005571460026063315
3124,psp_fld_l2_tds_wf_20250317_v00.cdf,83,20250317,2025-03-17T18:53:47.970022000,55,0.08287755399942398,55.66731349719707,V2,signed_mean,-0.200585774364761,-0.6,-0.07392121865057212,0.08480183029395802,-0.05172917149411839,0.08137700655632228,0.07359467775116588,-0.14510955007264464,-0.07686209185720977,0.09003005004856061,0.05269119990445244,-0.0824861001432403,0.08903085449888039,-0.07384609485538142
3125,psp_fld_l2_tds_wf_20250317_v00.cdf,84,20250317,2025-03-17T20:17:39.048900000,6254,0.6067972183227539,55.24288055196205,V3V4,envelope,-0.2487462383195769,-0.8666666666666666,0.01469840753982412,-0.03003496788167054,-0.005450842687394285,-0.015173579403699806,-0.03344845370820625,-0.12473638189913124,0.023738209486003907,-0.02065292527293864,-0.015343223767459703,0.0007374750099538342,-0.05595196058920911,-0.001084564204731922
3126,psp_fld_l2_tds_wf_20250317_v00.cdf,85,20250317,2025-03-17T20:28:37.083014000,648,0.6578640341758728,55.187208566911025,V5,signed_mean,0.16968586297485416,1.0,-0.06982115458361443,-0.03311282412015266,0.024553472147503228,-0.002901567498888598,0.09461121473069194,-0.0005704633435921341,-0.04913232022262877,-0.025497110951722475,-0.061401849053887375,-0.049962951128428496,-0.014524634029254012,0.054388198355032606
3127,psp_fld_l2_tds_wf_20250317_v00.cdf,86,20250317,2025-03-17T21:10:19.694601000,423,0.6624971628189087,54.97509702457956,V2,envelope,0.30039620442462694,-0.26666666666666666,-0.08671951588870556,-0.022589431935164814,-0.0539825023912926,0.015524478990554879,0.021747938906441795,-0.006208065590094132,-0.2657415061472038,0.08711381880418223,0.07505620021018049,-0.3452880464051189,0.08844310206921926,0.07457916560337943
3129,psp_fld_l2_tds_wf_20250317_v00.cdf,88,20250317,2025-03-17T22:18:27.706486000,55,0.09226411581039429,54.627503234152655,V5,envelope,-0.19355907508283177,0.7333333333333334,-0.038889295747962724,-0.11231712546093388,-0.08553357724023014,0.058810260489684,0.02524159605753331,-0.01808005421001519,-0.07338234381850628,-0.12346910518938027,0.04001470212189509,0.021971676605488048,-0.07169016744952073,0.034394960673043457
3130,psp_fld_l2_tds_wf_20250317_v00.cdf,89,20250317,2025-03-17T22:20:15.444911000,5541,0.35141733288764954,54.61830099180681,V2,signed_mean,0.30750666347052746,-0.7333333333333334,-0.23810447040060095,-0.2874561523592966,0.09888873510214716,-0.0007599160638500895,0.0012121788054322308,-0.028734204528487572,-0.20372309663162008,-0.2102219907906929,-0.0011274208899750594,-0.27699358028566057,-0.2975901513994691,-0.07166964590998372
3131,psp_fld_l2_tds_wf_20250317_v00.cdf,90,20250317,2025-03-17T22:20:15.490717000,5210,0.3972308933734894,54.61830099180681,V2,signed_mean,0.3184394418755894,-0.5333333333333333,-0.01967770751164575,-0.007696212215053497,0.21012461849449815,0.04972004232459046,0.06018056953690201,-0.0018008097874688232,-0.06701036397984965,-0.026272298526878998,-0.1389687437467867,-0.07635452836374863,-0.0433001143827004,-0.05901604992385438
3132,psp_fld_l2_tds_wf_20250317_v00.cdf,91,20250317,2025-03-17T22:20:15.509226000,2718,0.41573089361190796,54.61830099180681,V1V2,signed_mean,0.2455576716289303,0.8666666666666666,0.03721672575301084,0.05255544676909288,-0.1283378941530977,-0.07996101181819502,-0.0851316343784067,0.1591038286456871,0.01539145701867978,0.04651383841539604,0.16141308184967393,0.07134566386720262,0.07361363971086061,0.03100486556414215
3133,psp_fld_l2_tds_wf_20250317_v00.cdf,92,20250317,2025-03-17T22:23:06.152983000,140,0.6654189229011536,54.60381342532701,V5,envelope,-0.16615335544835255,0.3333333333333333,-0.08106111512786415,0.04212064239546251,-0.0402166130672951,0.05372448121557315,0.06564533478179627,-0.06276950617583515,-0.03539942024016167,0.0376840685517003,-0.005195128675907365,-0.07440904835006436,0.04997518655911866,0.047108877517793295
3134,psp_fld_l2_tds_wf_20250317_v00.cdf,93,20250317,2025-03-17T22:23:15.478745000,7766,0.37936389446258545,54.60296104642806,V2,signed_mean,-0.2409573335640988,-1.0666666666666667,0.043008495737742757,0.020459607821118032,-0.060896039123945006,-0.03707627876402131,-0.06106628361923904,-0.0622497005701514,0.08338995798978979,-0.018174256362252592,-0.06905063440492298,0.05929198301907926,-0.008992941362411985,0.01921425477518385
3136,psp_fld_l2_tds_wf_20250317_v00.cdf,95,20250317,2025-03-17T22:30:25.028072000,113,0.011357552371919155,54.56638924823918,V2,signed_mean,0.26953874429196834,1.0,-0.26252367077617733,-0.027546150730814064,-0.10002888307882885,-0.03195960930603781,-0.023699003849900965,0.02838782192471183,-0.27140820882238215,-0.02253511415347632,0.07353594979384846,-0.2767696711792955,-0.018998235515649962,-0.005307993283020956
3137,psp_fld_l2_tds_wf_20250317_v00.cdf,96,20250317,2025-03-17T22:54:52.465226000,202,0.3127172291278839,54.44112117291936,V3V4,envelope,0.3058431349602368,0.4666666666666667,0.09981429011682877,0.08881184382202828,-0.025646233511573392,0.08642950863377505,0.10462540714236293,-0.04702025311640046,0.014097368900085401,0.08461176197343197,-0.09675130618278407,0.023401512670783803,0.135524034247878,0.07634292003964768
3138,psp_fld_l2_tds_wf_20250317_v00.cdf,97,20250317,2025-03-17T23:10:30.326575000,4779,0.5701173543930054,54.36098030760385,V5,envelope,0.20321328026625005,-0.9333333333333333,0.007260666975186724,-0.12876080951511215,0.05965043759525569,0.026088002042432407,0.03511283389884061,-0.07839898521254718,0.11542029672579342,0.037192216575731796,-0.08820691103148175,0.0072880059172523715,-0.19169982350695974,-0.004293514152947049
